{
  "protocol": {
    "instrument": "m5",
    "outer_cv": "KFold(n_splits=5, shuffle=True, random_state=42)",
    "inner_cv": "group_kfold n_splits=3",
    "init_points": 10,
    "n_iter": 25,
    "evaluations_per_outer_fold": 35,
    "preprocessing_steps": [
      "snv",
      "msc",
      "savgol",
      "detrend",
      "scaler",
      "robust_scaler",
      "meancn"
    ]
  },
  "constituents": {
    "Moisture": {
      "raw": {
        "r2": 0.9860527602276584,
        "rmse": 0.044638867907938196,
        "rpd": 8.520936214546301
      },
      "spectoprep": {
        "r2": 0.9995361324972265,
        "rmse": 0.008140779888813746,
        "rpd": 46.72340381733685
      },
      "delta_rmse_pct": 81.76302341357976,
      "fold_pipelines": [
        [
          "savgol",
          "scaler"
        ],
        [
          "savgol",
          "scaler"
        ],
        [
          "scaler"
        ],
        [
          "scaler"
        ],
        [
          "savgol",
          "scaler"
        ]
      ],
      "consensus_pipeline": [
        "savgol",
        "scaler"
      ],
      "oof_predictions": [
        10.444926066645907,
        10.409745622837667,
        10.309856937597285,
        10.255625388968621,
        10.290724649357259,
        10.255942033994451,
        9.730679822623506,
        9.744295266160728,
        10.33663240269433,
        10.113207066034237,
        9.755699110026043,
        9.398458625000442,
        9.944329588799297,
        9.975267638883183,
        9.902218466497027,
        9.679159611692127,
        10.22502135988195,
        9.838969033994116,
        10.298810977106317,
        9.8156564092919,
        10.17387175414464,
        10.036204093300544,
        9.700730593022866,
        9.77049088538514,
        10.140099568821901,
        10.343788738389101,
        9.764511281174029,
        9.665273120025603,
        10.063281953391224,
        10.72830389745862,
        10.749085861997886,
        10.830030578788126,
        10.620800541513649,
        10.321353347377476,
        10.361056046948153,
        10.822715084187687,
        10.936050680356157,
        10.33358185231637,
        10.461801281789644,
        10.541805076223635,
        10.535441542944353,
        10.880791222463793,
        10.586622180929496,
        10.306102891624054,
        10.313631069580314,
        10.119278307508473,
        9.807351351722941,
        10.266911191952815,
        10.097279849579316,
        10.309697558542931,
        10.126791869277366,
        10.021472872208875,
        9.977424041422484,
        10.145401926015937,
        10.14395538941602,
        10.310194481651322,
        9.773305064108582,
        10.13363893109707,
        9.945167758348667,
        9.955302551109735,
        10.302137484901154,
        10.601636500797518,
        10.421090474640147,
        10.315600284147047,
        10.541653195061508,
        10.990648708535874,
        9.958795239557762,
        10.391633500314866,
        10.515181657970075,
        10.832424963610329,
        9.376334036015168,
        9.419738674283202,
        10.554452709833095,
        10.85429449118104,
        9.872410774104772,
        10.79544503813786,
        10.120539584746513,
        10.447624991493722,
        10.579595938069277,
        10.952241473704483
      ],
      "references": [
        10.448,
        10.409,
        10.313,
        10.26,
        10.292,
        10.253,
        9.732,
        9.739,
        10.335,
        10.108,
        9.754,
        9.407,
        9.942,
        9.978,
        9.911,
        9.673,
        10.221,
        9.857,
        10.302,
        9.818,
        10.169,
        10.034,
        9.691,
        9.78,
        10.143,
        10.346,
        9.748,
        9.641,
        10.069,
        10.723,
        10.747,
        10.826,
        10.626,
        10.323,
        10.371,
        10.817,
        10.936,
        10.336,
        10.451,
        10.525,
        10.535,
        10.882,
        10.592,
        10.296,
        10.311,
        10.13,
        9.817,
        10.273,
        10.08,
        10.315,
        10.126,
        10.025,
        9.973,
        10.146,
        10.146,
        10.301,
        9.776,
        10.143,
        9.95,
        9.95,
        10.303,
        10.597,
        10.413,
        10.32,
        10.55,
        10.993,
        9.958,
        10.398,
        10.509,
        10.831,
        9.377,
        9.43,
        10.568,
        10.855,
        9.872,
        10.785,
        10.097,
        10.442,
        10.587,
        10.977
      ]
    },
    "Oil": {
      "raw": {
        "r2": 0.7858432049969706,
        "rmse": 0.08141854796360877,
        "rpd": 2.174530575217999
      },
      "spectoprep": {
        "r2": 0.9757077667954549,
        "rmse": 0.027421495995582745,
        "rpd": 6.456508498487481
      },
      "delta_rmse_pct": 66.32033279709289,
      "fold_pipelines": [
        [
          "savgol",
          "scaler"
        ],
        [
          "savgol",
          "scaler"
        ],
        [
          "savgol",
          "scaler"
        ],
        [
          "detrend",
          "robust_scaler"
        ],
        [
          "savgol",
          "scaler"
        ]
      ],
      "consensus_pipeline": [
        "savgol",
        "scaler"
      ],
      "oof_predictions": [
        3.700038072114771,
        3.6601832305892303,
        3.4503294992934896,
        3.5192383449773557,
        3.634044951193689,
        3.5650066121870467,
        3.6672284844862975,
        3.7093127428865897,
        3.742642897628202,
        3.6493202431923866,
        3.5555695302056876,
        3.7691235360159254,
        3.7080978154536828,
        3.685820513419454,
        3.7675973041734547,
        3.820813014564505,
        3.5646670851629603,
        3.2980049805662834,
        3.4643177869908115,
        3.4772567849123277,
        3.550385947155973,
        3.4236385519411145,
        3.6408771017117116,
        3.6955550163718844,
        3.6457443336547857,
        3.5117805658024985,
        3.827138370429913,
        3.8307070230815374,
        3.4583339646857256,
        3.1800628364357113,
        3.251945129041943,
        3.5063417035032156,
        3.4968601020832146,
        3.6145826610260055,
        3.532595675653545,
        3.4072626197772093,
        3.410827231888858,
        3.5457497578999604,
        3.4651746402428265,
        3.250874643175554,
        3.2755123027354145,
        3.3277554993500775,
        3.2408238819377195,
        3.2819460726176777,
        3.4318641288923626,
        3.4662873554962315,
        3.3376806006340454,
        3.54966282945445,
        3.486483279736719,
        3.531109674592951,
        3.434073001460862,
        3.4433673812376333,
        3.469318041985177,
        3.5441907405966306,
        3.5719453139217774,
        3.283983509382087,
        3.5530260645381446,
        3.6155225610913524,
        3.4624534009489807,
        3.469160277769536,
        3.7545665215631687,
        3.5857347819697267,
        3.437330055151888,
        3.7149323405778487,
        3.6613606204156097,
        3.5319748413800975,
        3.056631567883604,
        3.1538499223913705,
        3.4055193097669343,
        3.6824198349960087,
        3.4723222118298103,
        3.4703895717988633,
        3.2948952805992553,
        3.559763869369713,
        3.058007452100322,
        3.288537951151186,
        3.52444670866902,
        3.3756475246644824,
        3.2079163389078436,
        3.298783790798734
      ],